subreddit,created_utc,sentence,sentiment,sentiment_score,keywords
datascience,2024-09-14 22:40:45,A combination of (1) and (2) would make you the most versatile.,POSITIVE,0.9998496770858764,A combination of (1) and (2) would make you the most versatile
datascience,2024-09-14 22:40:45,Most modern data engineering canâ€™t be done without some working knowledge of cloud.,POSITIVE,0.9340243339538574,"Data Engineering, Cloud, Cloud Computing, Cloud"
datascience,2024-09-14 22:40:45,These skills are also extremely transferable to other organizations.,POSITIVE,0.9896005392074584,These skills are also extremely transferable to other organizations.
datascience,2024-09-14 22:40:45,"(3) is still great, especially if it aligns with your interests.",POSITIVE,0.999887228012085,"(3) is still great, especially if it aligns with your interests."
datascience,2024-09-14 22:40:45,"Given your experience, pivoting to (1) + (2) would be easier though.",NEGATIVE,0.990631341934204,"Pivoting, Productivity, Learning Curve"
datascience,2024-09-14 22:54:52,4.,POSITIVE,0.9901897311210632,"4.3.4.4, Software Development"
datascience,2024-09-14 22:54:52,Shift to something less technically.,NEGATIVE,0.9973968267440796,Shift to something less technically. Shift to Software Development
datascience,2024-09-14 22:54:52,Become a migration specialist that covers more of the process than just the data.,POSITIVE,0.9685488939285278,"Migration Specialist, Data Migration, Data Analysis"
datascience,2024-09-14 22:54:52,5.,POSITIVE,0.9915001392364502,"5.5. Data Analysis, Data Analysis"
datascience,2024-09-14 22:54:52,Keep your current job and shift your life focus to something other than your career.,POSITIVE,0.9561297297477722,"Job Focus, Life Focus, Career Change"
